{"cameraMode":{"drawMode":0,"name":"Shaded","section":"Shading Mode"},"sceneLighting":false,"audioPlay":false,"sceneViewState":{"m_AlwaysRefresh":false,"showFog":false,"showSkybox":false,"showFlares":false,"showImageEffects":false,"showParticleSystems":false,"showVisualEffectGraphs":true,"m_FxEnabled":true},"in2DMode":false,"pivot":{"x":-0.000005841255187988281,"y":1.2655160427093506,"z":0.06578612327575684},"rotation":{"x":-0.12966367602348329,"y":0.8631901144981384,"z":-0.28013429045677187,"w":-0.3995387554168701},"size":1.7848864793777466,"orthographic":false}